y1,y2,y3,x1,x2,x3,x4,x5,x6
4.032058585927336,4.380135036025327,2.4666342406553743,0.0008372290527481948,0.0019920290893549967,0.03159174315390955,-0.033058946462004114,-0.004092626117400539,0.0014856915569988838
3.9403451589240754,4.276451303033794,2.457722905287002,-0.002534847162655309,0.004551341418247884,0.029848780647718988,0.02580491908207542,0.03036250479601435,-0.017328263766377323
13.427119844804997,11.876139893326686,6.802207296799117,0.02359773675080198,0.04240223908147425,0.10700823841664991,-0.020884064203637906,0.022644304662843034,-0.020999415976279117
-0.5954054425303015,-0.4002947437769604,0.7839546348303286,0.011311420531315043,-0.02020433174343819,-0.02280519943276393,0.05226542249974819,-0.03069144278696424,0.015796050496698456
-0.6600724320969029,0.6373557907168104,0.5159513683611159,-0.04953980790511376,0.013128297749252588,-0.01148714237568778,-0.024079029811587733,0.03711090344929087,-0.02530404894406174
-10.10349387007511,-4.893616534499057,-5.204181685244556,-0.016454721251647857,-0.10027888090509499,-0.042183311847586634,0.004648029684051872,-0.04979658753649706,-0.028896887969006534
4.514954847389767,6.550233165571609,1.830330226488662,-0.01240396661234134,-0.009158457915797943,0.06670377197227943,0.013425332092369766,0.01649949534716612,-0.00904128072224606
9.518443789061273,4.984876024866586,6.9862852719681365,0.013432546900844765,0.07857423554093829,0.005269753721098537,-0.028884936851755357,0.027170348012570348,-0.016722696870041784
1.611862770968604,-1.989764285334959,3.5318108664326395,0.022600420739364836,0.031077267195931742,-0.06666401226017567,0.00747217488885215,-0.03380608276244022,-0.034903960483765595
0.7683458898193416,0.8816795439775673,1.486519814665934,-0.017157717549818322,0.008485790986987714,-0.01267046016182084,-0.05352064184806264,-0.002878510245283482,-0.017881170024045802
1.8885415010375257,-2.0037973219933516,3.8626321078360357,0.008821407207630978,0.04713490061587898,-0.07082757457579841,0.050326937949952105,0.05111221737024413,-0.0003684386321793909
7.193807400372316,5.0221171597855045,4.977762748987745,-0.0029372140986182738,0.05090861282907235,0.02035258724289457,0.02639203820739565,0.035935421327707336,-0.03216912976584555
2.6295891664133815,2.6253849047597524,2.3241104029876087,-0.033453329220583555,0.029606070715214455,0.004191674296221261,0.051186270937738663,-0.03325444615334386,0.03100850044789548
-5.993816307401258,1.976828328333738,-4.917962930101988,-0.05699289674611515,-0.09195486442368199,0.05066717230038681,-0.04555750259005314,-0.009371980941071036,0.05376095702009393
-3.10648253091399,-2.476351730984799,-0.09914060803888813,-0.037853945780470785,0.004604598818810455,-0.05031148733738636,0.015358336150595018,-0.0027375310806632483,0.02313298554230537
6.8624748109503955,5.24630359429986,4.415677969248528,0.023875128441008482,0.020515554347642198,0.030636653560095567,-0.01763506972214829,0.016704650732735415,0.0054414026912015905
-9.604865925729927,-4.735384182780798,-5.208074457457447,0.05004420339037316,-0.14724317328534284,-0.03355343218985091,0.13558692227246702,-0.07054373918094338,-0.0360043158057756
-0.6668913280615885,-1.3927438055541403,1.3081950248424123,-0.0007062805779602887,0.0019996782742239573,-0.042450074015141004,-0.040774735161963845,-0.003900527450664994,-0.019217080676166627
-3.541493885835984,0.1843744713169182,-1.9443910047093065,-0.027529179360198903,-0.04820185481520873,0.003801000128236455,0.04814325760936574,-0.029214154451487152,-0.09677649562915097
5.831277781583466,4.529986914540906,4.084718220034211,-0.015056339246383294,0.04386252296133361,0.019269127477383886,0.02534372982181353,0.038092322921563206,-0.0008415258724268895
-10.744554596828623,-7.896453015361766,-3.773357328853523,-0.09354302220125416,-0.007749925130725054,-0.10424681239416522,-0.015401850632364749,0.01968375699916089,0.012173506825410102
-1.4134600130463768,-2.208601701437394,1.5055151968144906,-0.07978342267958399,0.06390675027869813,-0.06330156368508588,0.06962149420042518,0.08536353145673592,-0.050574833561872305
3.311263366508282,5.606762455659273,1.124609591111327,0.010316255765513503,-0.03516068728622252,0.060925602003644885,0.029569629373861293,-0.025832153675897737,0.031988097388393984
15.347461639681828,6.941098322124985,10.6841019683697,0.1017587399850027,0.08149201206670252,0.01220566981484144,0.004007289714184561,0.009563045229929538,-0.046317386869793135
5.694053624732175,4.146168439606102,3.8829482326561013,0.03588464623814373,0.0059040471724391575,0.020196554203476283,0.002287486995660704,-0.028946182922549257,-0.04518308176969427
4.720740105318525,6.4929435249560425,1.9398592336330711,0.00657690478838998,-0.020039783460878518,0.06680377246608687,-0.03649202002301694,-0.06855143975092036,0.020063767849923295
-2.658992239982344,-2.9954253962145607,0.16245803668190373,0.03679833176824492,-0.040382633938502256,-0.052794608093829805,0.02343314946109359,-0.027062577259791575,0.03973062417942148
17.14589935987104,9.117979480588716,11.21886548518829,0.08888207251123087,0.0927582520707408,0.038062008518632715,0.011995661833983819,0.034041534864332514,0.007483539623855921
1.396785794320857,4.460066617342449,0.16487306935900148,-0.016811249063333186,-0.03062442630898633,0.04951900278265999,0.030789455570321523,-0.011065536922357257,-0.0016050825923041513
-3.9577933051622427,1.3987174767898218,-2.84182808072602,-0.048116591651824636,-0.05575776829966492,0.02653684415898421,0.0209359020375177,0.043054703994859875,-0.024746279336100796
-3.7069728033187763,-1.265809802764627,-1.3913011671116997,-0.01636906710408049,-0.03988174046690705,-0.02046836131493063,-1.4366762243517902e-05,-0.012053596258683219,-0.044021262234481884
-2.6402792494744673,0.18722950929482063,-0.8276187008432745,-0.0841525639784373,0.012857439740325539,-0.01049097823750695,-0.0810795712618073,0.020701122377826193,-0.051541346847795454
5.334183771787005,5.435677719805737,3.198876011374131,-0.021414592278059072,0.02776696644297129,0.038816665191805336,-0.1030756590839395,0.07624645214585857,-0.05266843863640986
2.0685606845057807,3.011080332877924,1.2134812445212566,0.040180477748294044,-0.044617668345446865,0.025649387012445835,0.03872986386764484,0.02996586330633409,-0.016192929604618336
-3.611953702153267,-4.25123659059115,0.3275980902368343,-0.027961310482401292,0.01256127491386157,-0.07836701078820107,-0.03027937210073865,0.006500018618885736,-0.02869499423762943
-1.5291037189735082,2.957372577072211,-1.78895081904507,0.0062400335585269424,-0.07897434911563002,0.04572002058515475,0.0002936222766382235,-0.04533831613251862,0.006877945791013561
-2.5423416632547173,-1.6314858090108404,-0.02876477403651445,-0.039685929592257266,0.004114558138936776,-0.038875984793255575,-0.036940218843296915,-0.021909518783301614,0.01013780532786109
5.691086456828291,6.176645765891188,2.9007594952337286,0.019876610681151104,-0.009506085724030635,0.05580671414489825,0.010255775878815585,-0.017349877649127855,0.01939666431736739
-1.3528892024642805,1.0277263680479423,-0.8479658261681629,0.0482071810635701,-0.08281140021138447,0.014359681971511128,0.07000801721268493,-0.021989426358342865,-0.009172902086003208
6.891998996315104,3.501843102254511,5.280398164090477,0.0382163141384319,0.03375026327700571,-6.893779793804358e-05,0.055984724313479034,-0.03406348592144616,-0.06588944388005542
-13.864407429551603,-5.681649207321224,-7.719447089497036,-0.0951932670880967,-0.09128143492628761,-0.040855782140404744,0.025026666693759574,-0.015736173965772413,-0.027258278960552447
-10.208464145560498,-9.13449154614071,-2.9671354987848346,-0.03472077432278376,-0.028496663128896954,-0.1229597942464466,-0.03325168327073805,-0.030903189215048817,0.026073508080982744
-7.474683783359447,-3.481599409819262,-3.2043433962723125,-0.08739337542256699,-0.017357664550047617,-0.04461001330058835,0.0034453783237758905,-0.04461609785433954,-0.0005207537696077973
7.519826428940464,4.16511902465259,6.056422745191996,-0.06394382468868434,0.11746634756424379,-0.006440057986305092,-0.06031827644687353,0.0805882352327216,0.026792009168403158
-1.5460275497799587,1.4830989643739014,-0.799303234254342,-0.03537986626157508,-0.025354026105100225,0.012588688718837997,-0.04515515366209615,0.028018228405778327,0.03224921234704084
6.418083882652989,5.948222124474574,3.53460057497937,0.04463692007092067,-0.013616340565082895,0.04978674847229278,0.0034248717034833873,-0.0308715622794619,0.05530190425053988
6.226094744081061,3.7626232507519903,4.4703483702881925,0.05223783489588905,0.007322169651172041,0.011514889197326877,-0.07461330056005697,0.03251275136790196,0.009073339178713866
-6.559627138602741,-2.378767048029684,-3.2532543298883914,-0.03527152645419024,-0.05868274711882982,-0.02337450384643276,0.0201030270898979,0.00026747104418499944,-0.01652678003724432
1.6980275569732082,3.83852122163936,0.7638775309889987,-0.017302030265142328,-0.016371474138631492,0.03571443754886641,0.028553966949487142,-0.055991769524824264,-0.026052752135157318
-3.13346730940102,3.3193441997841346,-3.091303926458165,-0.05233563068803089,-0.06476937267860045,0.05581041994060835,-0.05918096377830807,-0.026171073100119624,0.006497831753533089
0.5218342419959054,0.7122165883008713,1.2943634313299417,-0.006132667765592121,-0.0022872027644088573,-0.012524220402854704,0.08840523140693592,0.0023444386321278196,-0.012407437938449652
11.929248823700801,4.2596837402760555,9.210198077904225,0.07033045734015887,0.08474303350698403,-0.017601589318268707,0.02737630250806653,0.015321082339781904,0.01202240938228167
-3.575457151828692,1.9845359523778214,-2.930314969097182,-0.02592114826746328,-0.07509718521174973,0.037796328234213604,0.08695154052834372,-0.03014013832582011,-0.04573654330189553
9.292089238949732,1.5553508705046095,8.30896083326178,0.06392555074555781,0.08175381713424387,-0.04995225536075542,-0.002186912390083815,0.054996402701190564,0.02538359484387251
5.642180718836266,7.891609867583086,2.1095733811829156,-0.008131625670446783,-0.011690150131560061,0.08419915570632543,-0.10184274201666166,0.026848199390451036,0.014250377501914708
-12.424659116922472,-13.808135984036626,-2.8527726168213237,0.03079412545810372,-0.054585759373834856,-0.18499442280268846,-0.009109707834378401,0.01870750427109741,0.01400650152551405
2.4782564675445142,3.659427312707092,1.1663338233514466,0.05335287354141448,-0.05710484679298275,0.036621081075669824,-0.029820705157099284,0.013369053810470717,-0.020059200664899704
-5.136346845943121,-2.846451974474374,-1.72513871655837,-0.03693251071308072,-0.026178442041115187,-0.04252165003472719,0.016629135984074228,-0.012894399067558626,0.004090520240197208
-10.934568844324117,-0.46634092366723245,-7.802139857530561,-0.10235066184114411,-0.10721890178563141,0.03427493964636386,-0.0442001998462608,-0.023913253494978,-0.023808692283530157
11.490775456350947,10.372134569819405,6.0321785858415975,-0.007403991676008876,0.05463623608542498,0.08856417982067087,-0.017332077855074034,0.032511682547013976,-0.0222612375682579
9.865908451076569,5.7624215921355955,6.639662238201552,0.058501419102466944,0.037595256994152004,0.023534664460639045,-0.04243858609536408,-0.07946118137354968,0.021331738146935515
5.654209345685519,3.688203797879977,4.384715817075404,-0.01790168284073847,0.05477589200831845,0.004464446157969509,-0.03791441106662975,0.01928886390573321,0.026288510318034405
2.202037622550013,3.221118717700227,1.58428076510665,-0.02544953705242693,0.007488235800804347,0.019467148870152946,0.009232600160845629,-0.0006725030551425464,-0.03965806164130282
-0.21937407890444516,-0.04937689346286733,0.940809701371154,0.01039217426296236,-0.017824231406630905,-0.019093591355366667,-0.020425556912575308,0.05433592102173211,0.03348847741825543
6.974433683308263,6.193625300346473,3.854103715960343,0.053533166376054125,-0.014527678355579452,0.05160675094049136,0.009977826835108596,0.012045218368261265,-0.05846855918519676
14.50230092590835,10.918680710247306,8.111478196174234,0.05187319193507927,0.05163495044256635,0.08540283504910132,-0.019968374059379054,-0.04317108946513322,0.03482960958486092
6.451052237921516,5.624393026472635,4.036461541605161,-0.010148438038252126,0.035456067183437114,0.03589173698624214,0.005646767523553947,0.02414763035579695,-0.007298959541869624
1.2236269028414077,-2.06975919390211,3.3970758482804726,-0.008311419638618964,0.05028606868240339,-0.06967376439958754,-0.026442946811419826,-0.03912881826555466,0.030689820368794585
-4.280848639564704,-0.9235669778588516,-2.386285875016805,0.03835146761086968,-0.09853411918147599,-0.0023609726373608544,0.05985524059675497,-0.0508007132175292,-0.009216720900708675
-1.5141263334163029,1.5330899783514378,-0.6408903805389434,-0.06370317416458167,-0.002747792504483912,0.009347806905373483,-0.024979874376897727,-0.011189407697771131,-0.042744618201619455
-1.83533482032887,-0.5544522027972854,0.020918817666296663,-0.03673349038363506,-0.0009678579313816636,-0.023474659289262734,-0.0066220645528284015,-0.01823311391425521,-0.02132559102347216
3.1757560814143613,1.4203197984510436,3.1485448227752695,0.020555500262072042,0.012441707652657575,-0.014649562651000462,-0.020115657447998786,0.01223033216560416,-0.0004940189799694034
2.4733919186972564,-2.743923060583671,4.710821010497453,0.02045293762824422,0.05821569378896098,-0.08718655109338852,-0.03872050161756989,-0.04652363869264842,0.018582566826107788
14.844873079423456,7.430015060857559,10.396149097426264,0.02582466879020651,0.1269727020888609,0.014343734389869654,-0.008571153882454881,0.024331878797207312,-0.019893570742455215
11.498941815119139,3.3880762643346127,9.439502379289701,0.04207189144221896,0.11209186374106836,-0.034684036568977575,0.02866068771444481,0.0515896469999301,0.04682042595503996
-0.38918134426176265,-1.3290917108205733,1.4097515589991714,0.019852750732455487,-0.010583009136831287,-0.040393543620891446,-0.022986129676857738,0.054687163928442056,-0.0006379674401634505
-2.428644214298643,-1.0794992299524597,-0.37713777971115214,-0.010707079886073317,-0.02485945414327,-0.02537601090271525,0.014913112740914683,0.042769491520440836,0.041080947447393545
5.289209708136691,2.2698382630654326,4.696159992150283,0.001684107545268189,0.05242823234164265,-0.0166086390643978,-0.02267236205846639,0.06835396476358663,0.006544381318981057
-8.817423135893046,-2.2144372250951303,-5.2842364836090265,-0.04884672105857309,-0.08920024217786156,-0.006014847381653393,0.049401560367266534,0.040068239508486356,-0.01659054597858921
1.1358709866601657,3.476511360912367,0.18431067598696615,0.031147143830644985,-0.05999752933688236,0.039748010064778044,-0.050142544522619625,-0.06058941161554233,0.04883282582111297
-1.6435905400561641,-0.20850788497700612,-0.13097289760670416,-0.011077199644272027,-0.02305730474114346,-0.014834402334071059,0.06646766799469445,-0.06158734587160612,-0.04410706190945646
1.6159490215473966,-0.19665353670212515,2.870437598896977,-0.027808302710774353,0.046716847245728,-0.04031469553228285,-0.05201520908002033,0.06625025725648548,-0.01561649132793139
-18.07169776325599,-9.65925541496031,-9.57184768757036,-0.06235012281126827,-0.13531619776594422,-0.08019867882779988,0.08670811087670152,0.007952953885749755,-0.09455907153686999
6.921250050917482,5.629446376034769,4.216417853550874,0.03300497242923274,0.008877549127001172,0.03862231097813337,-0.0385836729498453,-0.09045458740064775,0.06424023638135676
-10.737018271572664,-6.068077996584702,-4.663176668382739,-0.10532386467122941,-0.023564647799785426,-0.07188759447084715,-0.015558201944928319,0.01991575283709162,0.02029851453513759
13.775618597677436,10.722858041474415,7.401831540374648,0.08137528704356184,0.01806503297787368,0.09107348255867084,0.06321844814583098,-0.057197353039120435,-0.0012948759706511853
-2.323925595802492,0.24549112971406006,-0.9923042069914347,-0.00852447884951607,-0.043209326905705225,-0.0011451168334050317,-0.040681433538695924,0.06454780037707948,-0.03826981300808754
0.9111719282552061,2.2270010149422252,0.8210720935980618,-0.0016135044480271952,-0.02021745504423329,0.01352608773108165,0.07273035257929847,0.020094689521253747,0.03244487803375189
-5.1804631009131965,-3.681573778355504,-1.4337180457762286,-0.017290923078347266,-0.031113461035757642,-0.055024895033139586,0.014339400828614148,0.022812012437310823,0.011955706224389313
-1.4236882895044192,-2.82434590750281,1.6589204479298278,-0.05053726691372071,0.04879673871864025,-0.0706247306414165,0.06972254154278304,-0.002265791616200441,0.02290066527303434
-1.4575682380981634,-1.030448887800805,0.3250642707936031,0.014783691959872973,-0.029181283420807082,-0.02787644594769842,0.08929513881747476,-0.06292862511924172,-0.03405549441423784
-0.07495469415874112,-2.1676349274675974,2.44355150980723,-0.03669097020338152,0.05192948453892017,-0.0661365807862743,-0.07084225128203803,0.02501523689531821,-0.001295340376990414
-1.217929318071943,1.5620752206194013,-0.5852823955972928,-0.028505539218421302,-0.02628532034135417,0.012664124792193483,-0.06299496035269453,-0.026620902345136498,-0.05901781515852508
-11.228635759610038,-1.605636104773051,-7.624968100936416,-0.07352322811522392,-0.1196374248486353,0.019177559977099655,0.035522691399208425,-0.0428453854198879,-0.05353931899541457
16.893909049725593,7.212436047898014,11.992292526481618,0.08947826696223847,0.114390891080966,0.0044611838275190295,0.020413697279360397,0.02068685108374813,0.07416944165064211
0.8218958448294902,-0.9817522998230166,2.3958339729389246,0.004340137035619782,0.01804230062744659,-0.0447677943886064,-0.021437100572583953,0.05306370732375282,-7.775434362378066e-05
-5.389227225915826,-4.0286246997637845,-1.720963680553954,0.0340406138199052,-0.07113661496623509,-0.05284534078198744,0.03012610478946802,-0.02906456672180557,-0.050192765375809134
11.213590790740511,7.999176446445817,6.84349688117806,0.026813480918188082,0.055324357272632706,0.05111924212034035,-0.038749446168007316,-0.0009872403480958147,-0.014528291520006762
2.720304536629987,-0.31634879966172513,3.9724742045829142,-0.03711847536461188,0.07500065722440923,-0.05175870967229797,-0.04204284373466201,0.07574993984044814,-0.007331348640550725
-6.524763907185941,-5.507364740000107,-1.3801912870303281,-0.07092637568801646,0.014032965720189774,-0.08685841161116246,0.03507985175238709,-0.009861054073173003,-0.009581598595892488
9.45261559304003,4.795942660982097,6.713983798794405,0.07015935624059033,0.034498317067389324,0.010120492504976191,-0.04099887362663884,0.04086486035787704,0.04781274283092554
-7.981354455566441,-1.287788593748174,-5.000520373013533,-0.05306025560111843,-0.08420036064820106,0.004662497715784527,-0.0070051070460956,-0.05265427676481432,-0.07174534055591172
2.1030904779972506,3.5794635252357683,1.000123265294957,0.030266673901223284,-0.04395510458630917,0.034607694031962975,0.025501024119141853,0.007936875983319207,0.053055886482047065
12.175738871839952,6.333862557757205,8.322719419555037,0.07344295771399058,0.057693041567458,0.01969583163969849,0.00755464914279866,0.027077121348680643,0.016921941185025876
15.069939096054732,8.539793791051524,10.018971576209347,0.024893067113064497,0.11620071405772592,0.033269834119760616,0.003636774933842405,0.016025730022148597,0.02467521370821387
2.8184182060216703,0.4887772001076873,3.3094676697308034,0.022251789985326814,0.017829942042330727,-0.029201137295385867,0.0335413444429537,-0.03166270561654659,0.008280191017337324
-13.840916700792345,-7.11897492362348,-7.065798319408463,-0.07284364280739958,-0.08885126351171746,-0.06468279080502375,-0.01601650654774119,-0.044467560305326545,-0.02340251963435096
4.772675108627696,-1.5027568439142216,6.148553139071798,0.014300559071742741,0.08576575255039053,-0.08141288710997924,0.002014481561633058,0.005669412661240216,-0.03928279747026534
-2.682522158084934,2.288867563836526,-2.3033496505351128,-0.023808560646005002,-0.06554467470473743,0.03735603373123445,-0.0136616568056086,-0.013906341555638708,-0.032267010956945036
3.50901678486949,2.696705937011113,2.7821453361468014,0.019329500151930634,0.0014664433501681666,0.00656282215291752,-0.0034798028673281613,-0.05907196353946677,0.026507627010253994
5.863467636718781,1.0670425889224329,5.615025094334899,0.04290704226532777,0.04598828753920607,-0.03738910325021842,0.006647614298010394,-0.021927739276041802,0.012577324650103671
6.389094280679952,3.2142312149264303,5.316738325795239,-0.022521386329499887,0.07781114388869809,-0.010275752070249965,-0.02261691263419641,0.07937479259890762,-0.009548744877944285
0.4519814151639745,-0.6190611761391007,1.6988384868861526,0.036151685133427834,-0.018959330305253503,-0.030931443952360995,0.036555560777761766,-0.01383736341282929,0.025564075920837682
-0.5683980764526189,1.5834364847490434,0.231302593925659,-0.07327780082399205,0.020635843154644184,0.0021713942418623566,-0.03092928752165198,0.08135095713870115,-0.0001350702783225223
-4.878777550774447,-8.717204895899549,1.4096231444101857,-0.003750162520616187,0.03321602286653938,-0.14909130115383934,-0.012946400430162555,0.022479347175454675,0.009187265882070528
6.362896328076836,9.988788427428918,1.4781453209535753,0.023275318197041737,-0.053564212287755486,0.12246382912374035,0.07683727037661237,-0.07078621898408823,0.003980154290908977
7.919971285344884,1.9441079479339953,7.059289712310726,0.030914176313520322,0.07908033678578719,-0.03746913284352775,0.002999354115161272,-0.013468309553522139,0.00453463755954827
4.1106479689521995,1.1132592803811074,3.961787910682765,0.05400248380826673,0.006051139100921955,-0.022415419519678903,0.02732601726789921,0.009372123889824127,0.05954513883043061
17.710737814354985,10.368015584076614,10.819825968030797,0.13365411389945112,0.04921991105179982,0.06352708315738081,-0.012002957255633204,-0.009803749401873837,0.019623240098451636
12.069431782484454,9.363839383081025,6.890032226057347,0.027046919630326315,0.05100871386591677,0.07043192776313006,-0.007107207043625912,-0.0399017241662347,0.09198671794909542
-3.488436615923347,-0.9037286607344199,-1.0353209629454614,-0.08001485026385033,0.009992158787382898,-0.024152458273726266,-0.008200990965711027,-0.013549931471239032,-0.008497059143726175
7.696253907703177,3.630704125170884,5.938755757382575,0.03698605962207156,0.046888739962067445,-0.003606901732169557,-0.03556688356354695,-0.04003569063821036,0.002474841073634151
-13.66533429259148,-8.311641286106491,-5.894550561116796,-0.14303042445535238,-0.012863681017225417,-0.09792665264849165,-0.00678763858124687,0.021111473594927155,0.01621998765797899
11.49110616564151,5.593661237794138,8.422706353437963,0.014849495415145783,0.10317087727980961,0.002661120402650213,0.049218102771493695,0.0614031804579958,-0.011513670508755559
1.4797300714685642,1.802221325863537,1.810346049320799,-0.04828887723287557,0.03302819091834886,-0.00496035519875393,-0.049941471983728995,-0.0540957815112461,0.05965780023304683
-7.806215828731899,-2.3973487528213537,-4.153295054085222,-0.07247978508157625,-0.050149155190738356,-0.019962423771425576,-0.014206611359917173,0.011264067227235877,-0.02873173725934601
-0.5402400549973472,2.4055797438599473,-0.5521236930198958,-0.00503871972631029,-0.04510697438022332,0.02678224511366742,-0.020376119942759643,-0.018180040855529694,0.018260935426540444
16.82865501784232,13.527036074216436,8.672700280887216,0.07868108537627691,0.03418362697274147,0.12103502114433633,-0.020257823443106296,0.05052168955344513,0.007074734046708924
8.79560399422054,6.266828834329393,5.087238293580379,0.11832627529496738,-0.036015266626618976,0.048932513452773455,0.026012105089594423,0.0015385357062738941,0.013965668223956878
6.650547904606462,4.682571398075286,4.23106415632752,0.0767462599840967,-0.01778794134935643,0.029017551568779068,0.0065690532958232895,-0.030937371607291292,0.016008827862774112
11.022112064603022,6.854700467226573,7.021607658867747,0.07260599332478046,0.03113056027041734,0.03755169535543569,0.026927814394834593,-0.02550382112606201,-0.009484353542527347
5.097735420746807,2.594201900001304,4.163469924491766,0.036297825540708865,0.016801735484704348,-0.004375475411570663,0.0764454737083193,0.037720484515180244,0.008027863842203933
1.5893841832521656,-0.391015858526379,2.9738588088366598,-0.03233671489293036,0.052594240240481135,-0.044374662325356445,0.007922094608277967,0.05455717231862277,0.023097580590072424
4.733775842552374,1.8813571370143978,4.396862909263999,0.0029180393295522265,0.047207587493278635,-0.019689687894158363,0.02288543825847085,0.023290180737059428,-0.019831432455460943
1.4492483773835665,2.8361559874703297,0.9810401513211552,-0.0014409892195841921,-0.019493769224277934,0.02103744268732829,-0.029002664169944244,0.02201900146165871,-0.019526314394037673
-9.748192902746245,-2.971611698636477,-5.44569721131249,-0.09833140800734842,-0.055068850922937396,-0.020332675984654925,-0.05064901171294033,-0.007214206644868004,-0.02285355264782862
8.582239158752904,2.6859436329569046,6.836617526067378,0.10797439744533897,0.018360494529011808,-0.01767264432210483,-0.014783271600488436,0.022018511257830817,0.023699790503060807
-0.2892570089292812,1.24087094073739,0.02035976682792917,0.04293258672877045,-0.06309983256574589,0.009968632687578624,0.03452454879327689,0.008678716485056439,-0.022268414705946517
4.725008163358781,5.1507073836546775,2.6837414408618594,0.00037407912883382494,0.003667778495611545,0.0409105107163765,0.010256947957517833,-0.031628031450116986,0.05228156959576056
5.635794137701495,6.06567773102621,2.9369350319603846,0.014930225116885475,-0.004949812294878918,0.053447754824922505,-0.0442372566816382,-0.0008572939711574551,-0.0070034286663834214
10.432668889044113,2.3405669242564975,8.997624505092231,0.04915491481422221,0.10247644214667997,-0.04556228745323282,0.07011740390752788,0.032702654729660094,-0.0048138985911609505
1.727352410710275,-4.245785573809862,4.87707324331035,0.012524690573816891,0.07252128341892602,-0.11091316324207368,-0.04994076371084491,0.0037790389916079804,0.04909217186122596
8.744952249611497,7.737074414386967,4.948008800596925,-0.0048654997653099896,0.04161790349642116,0.0595279776366705,-0.01236729962999046,0.02275168859681127,-0.0038293023960644353
13.089394691461736,9.933684512986355,7.342301537716732,0.0561249163495741,0.03741622420852542,0.07778016103921187,0.014008012046298462,-0.024128969542184662,-0.025709708572662335
-7.823083876047546,-5.294184813609071,-2.861375422174305,-0.033232966633477024,-0.04170817699575935,-0.0683309085093948,-0.02256169971884754,0.014375299724253181,-0.009180704107635265
-7.06220238804552,-3.338749981987837,-2.9760514994485705,-0.07551111997519677,-0.021735964220745953,-0.043252778503625244,-0.06032401072121484,0.007761379793019892,-0.006545995455968656
5.4055009322216465,6.139982291015262,2.611605710783935,0.029489131490821906,-0.02166730154622747,0.05850985348772887,0.00823556624169018,-0.03247881009309699,0.004268772175193971
14.93991977491463,8.318114662909109,9.77469704198602,0.06924729021971732,0.08140420681049185,0.03624841761766262,0.02679677434219742,-0.07856462302451372,0.0451263690380529
1.9559483785076859,3.362132791463493,1.2515608530006312,-0.018475091765312222,-0.004338584186578651,0.024829048616270326,0.024445027391198512,-0.049051689208194915,-0.007863480728725156
14.608458495739583,8.548140076450586,9.403719522117424,0.06082212571462079,0.07922886524293157,0.041736327789315734,0.026000033235159325,0.009940362073831463,-0.01950568090456167
0.1107313398666454,4.7727544135731,-0.9993295197434844,-0.0441075139217252,-0.03533911346564743,0.060763908500174074,0.02513362031588545,-0.043245866536695245,0.023067556709805787
1.604053151321592,-2.3093749744216305,3.7683491512254284,0.008917604873360789,0.04637260231631861,-0.07446569693960226,0.05038739969916723,-0.0016322393741569248,-0.015274515576984362
8.83225774458581,5.107338318652059,6.15373952677781,0.041436227020763376,0.04248684103785291,0.016369463954850574,0.009648062226065995,0.013642384407926353,0.00616113216545535
4.864263125238187,6.164154737372297,2.2725982595631513,0.0008705305189955631,-0.008399988471474058,0.058856546420895266,-0.028728540116350516,-0.037907748028731585,0.010936273747643907
-1.9679713725676062,2.114070955781809,-1.6952880466179738,-0.0015065775305571419,-0.06864147393508752,0.03208186223720791,0.047671882703099695,-0.01927009961591582,-0.05309958152215135
-2.170862922806281,-4.591548766450093,1.2643356592081412,0.06837242433120252,-0.03510035563719335,-0.08162654837366745,0.0375012601920803,-0.02530725467266912,0.06418606735514854
5.059939516970355,2.3963422043364493,4.217726098701833,0.039197846123409305,0.01656688428978137,-0.0073858511067069876,0.0022539800230794004,0.008754890449469057,2.680558170474988e-05
2.5835121423757617,5.000310385326923,0.8847718980401662,-0.006396612914138216,-0.02592535478141828,0.05252182789922773,0.0537054777371938,-0.01825689964893926,-0.0313676709868416
-1.8641378360195036,-0.02354882142753567,-0.29929116712606674,-0.033967122093314914,-0.011066401860346223,-0.012994942878561448,0.030581353255890207,-0.04079187544674155,0.04511739232582415
8.994909695928387,4.692671803046221,6.5538082297774105,0.034812431370431156,0.05638840859208637,0.006557884467062243,-0.01957658439943608,0.014918092856074563,-0.014726451856015156
-2.3635148652639764,3.8227782682053597,-2.7586037774956935,-0.03579345197933246,-0.0717045519342723,0.06196913074106248,0.05522174205529469,-0.04905561892364961,-0.0961256459901358
5.47753648069374,5.973208755536875,2.782459157349721,0.02609409230222515,-0.01537440344414481,0.0544145265015661,-0.04125406558875079,0.0011297824632919146,-0.03839561359425511
-0.9835672368614385,-1.7603126158794915,1.445525661141615,-0.04192495309972735,0.0347230031716385,-0.05276391698217186,0.05488962556937723,-0.01750759759585622,0.035684324628116534
6.325266125234222,4.193157165150308,4.352594567598774,0.04861831417749076,0.00596552918879076,0.018318563914436696,0.09229488221517025,0.014793053288673513,0.0017576389318694503
-3.225278767784694,-0.7973143726773186,-1.0404478170860274,-0.04654648606549595,-0.013805163141082172,-0.019397880557620845,-0.03035613696610434,0.04303220990094324,-0.010270952138521817
12.556641998010718,6.879275884760469,8.126364656069887,0.11882284303639463,0.02026961704027965,0.03344082678842815,0.01187593053775258,0.01999068796942614,-0.020955976612976494
12.41421575361388,11.31064812689721,6.19595196530836,0.023176896439591654,0.033040530351788985,0.10368017405996421,-0.07621291244360072,-0.007039713998484572,-0.0013317302858562039
-7.13150479645328,-6.836522880063429,-1.2016103549878336,-0.07496626070521886,0.02523032089823166,-0.10782587475628341,-0.026737812756683587,0.0023620263636555464,0.027700354549492316
1.009323853923965,-0.5438990152528869,2.4356258294539943,-0.014233911083619523,0.030124564764340438,-0.040542616085717194,0.01101693354918377,0.03474603765620137,0.03861320416263718
6.064226339371561,2.9502946065504636,5.162647239638652,-0.022099928451439124,0.07550902178074012,-0.012803496313104238,-0.0188919778798875,0.06230255335095458,-0.03885203659571806
0.519593312593347,-2.9567371415847106,3.2585803761080667,-0.012801170721773041,0.05401369838032199,-0.08177065783071832,0.08649048827562966,-0.0010165540069897866,-0.027950827899387524
1.0934889504672356,-0.03237811953042624,1.8153779592432093,0.06312179912820678,-0.03765304104378923,-0.02084944493044262,0.016932089341494035,0.024024536130791856,0.04888878270843253
6.51644341329025,5.1029855936688735,4.171215101887109,0.02574950574745083,0.015003545862167357,0.030709451222147657,-0.017570823646217558,-0.0059318476672525315,-0.01273552367382156
0.8186762988746292,1.5222743156737468,1.1652222688824962,-0.01181948788657865,-0.003830916774603297,-0.00035709436405677395,-0.004403849786772546,0.013633848243482695,0.02250408808604702
9.446440703087417,8.289027121679238,5.305618330607722,-0.008574304894460986,0.049086369317396,0.06426187189968456,0.020213047366626265,-0.0188500540276495,-0.007619064518679303
-1.5784724831562926,-1.4978020455165322,0.6344292458503042,-0.016361610754636047,0.00023172791465850273,-0.04005006894458329,0.018763031290943512,0.0012331864556643698,0.009862840394338736
5.970683029002529,6.377296808720573,3.1927312031194286,-0.006858974533079617,0.0140249686069342,0.05381687443106598,0.06443875738138732,0.039827199592844115,-0.050465717684091665
13.349037624199985,11.031547545521084,7.099467413077397,0.03757377006906667,0.0415603561615447,0.09378338100131639,0.028796048099251327,-0.0037322898297848274,-0.021520960780587343
0.496826888369414,1.7871969581104872,0.7795886877648834,-0.019355771856712684,-0.007038484756030221,0.005835607149465305,-0.011951128186741461,0.00852227416553191,0.04312548241579201
-8.431071891734717,-7.341138004136049,-2.401661026233038,-0.020001744021536424,-0.034429262617963016,-0.10025381626149688,0.02163884967324001,0.020459682183135104,0.0007956924777454324
1.5614985325123147,-0.940354935256752,2.863523625924004,0.035544380413260655,0.005225643195649733,-0.044955602333948255,0.02077333895064211,-0.009123332011316283,-0.04411510877869985
-3.850700429717655,-3.353774360411389,-0.4848798020696494,-0.004932716812262802,-0.022543828502993843,-0.0567338569795838,0.05231142906155506,-0.012217871210600513,-0.006167897895431996
-4.026623227896215,1.8424074955378915,-2.9493367499157737,-0.08210116765043542,-0.03582161629363992,0.03056268569458822,-0.03098148175341838,-0.013668811938036948,0.0068168916359291065
11.271841129384903,8.61557336836432,6.488945046681632,0.041775421671960696,0.035751882682557065,0.06426496656659765,0.005753445151104042,0.00833462731262495,-0.012945755402365382
-1.0181960688189162,1.0605798195442624,0.0812315910172432,-0.06915605821045369,0.016794239022593336,-0.0037677835817799404,-0.037352259786800124,0.03802903483006615,-0.017744176994836488
7.04761970873344,8.735935581184837,2.8021461119438937,0.013715064874093115,-0.016607102682245887,0.0928888587773333,0.03261155680860213,0.007137677812527375,0.039149181440092266
9.949859811197701,6.193060606084689,6.584216260198493,0.04110265487177177,0.047040162065604844,0.028531056893525655,0.09667904347518767,0.005828527085162658,-0.03751184527161034
-1.64871311925829,1.3072323798006682,-0.8322254475524111,-0.029292577780084865,-0.029579161464669327,0.010896946741250219,0.05347658888276027,-0.021357971554557334,-0.03455873335841442
2.662062747105016,1.1662207828513853,2.7421218053893384,0.03517213801116795,-0.004671132348705049,-0.013663876355968645,-0.03440290973501469,-0.035456858777841015,0.03547051768898539
3.4074359919265635,3.3419945505044133,2.372571380958516,0.015587950049381526,-0.0062562911140512725,0.018788749932193465,0.03262952781510734,0.0021802312227430605,0.02120463454538568
-2.7029523046919746,-1.712063913508531,-0.062196776783413954,-0.05199070122836669,0.012332836307531975,-0.04093822109470409,-0.022676501832289083,-0.028825180130694746,-0.043691269092199246
-0.22962765869967483,3.555922653959116,-0.5242851628016789,-0.06941715517309795,-0.0040022993021487825,0.037017277946860924,-0.028941852586758583,0.002014956343357774,-0.058042469964772476
8.949401627476101,3.1213176015305986,7.151557894539132,0.06889060994817868,0.05006519557365047,-0.01763778903947595,0.02081906088430873,-0.005121437805065979,-0.017558218279760906
12.889191989070905,10.296683850935892,7.082360177835532,0.03617138950703956,0.04492735525402522,0.08319854719762546,0.030818431117332644,0.023694890324091195,-0.0339332931752733
-0.3746958079298197,-1.9136667357897432,1.7793195515549174,0.01093117747670035,0.00495674436559598,-0.052627170818605254,-0.012604477203247502,0.041691211705536774,0.0008424079682247485
5.225864142469615,2.904774496350594,4.290081487843106,0.004498278750261528,0.040246886115263544,-0.003936981024771365,-0.025365962121181924,0.04683637712748363,-0.0002316774392597075
-1.105102645085618,-2.1112127213866643,1.3384543696112483,-0.008753471157222371,0.010850661525689052,-0.05380978195280914,0.06105317408971772,0.0064301578048858304,-0.043011253304289856
6.137423542416874,3.5674847573761816,4.677638775913701,0.01887091932330775,0.0352955006290564,0.0038708362760053157,0.013531551419974946,0.04642012237902479,-0.02721370022014441
2.8728306863801407,5.108982261716872,0.8362271845030635,0.03897444765030228,-0.05886025401923752,0.05878798908252816,0.009980075267893622,-0.08210494834864726,0.009600501266241124
0.6891584225511147,-0.5445406008935392,2.1255839810288926,-0.009878054522404433,0.02108527727256819,-0.03765246602743899,-0.05365548791458514,0.0004932981087033984,-0.007871567369980442
-3.2277058597487223,-0.4972946730649721,-1.1344947004841763,-0.058498324423205086,-0.00841717294558418,-0.015456580364070056,-0.041695836420645754,-0.023574847923217845,-0.011224255600595093
-0.735319920347772,-0.11595781053986731,0.5607875178719084,0.001970539444102571,-0.019078632766869105,-0.017806667606228573,0.027521880889095518,-0.07421258264181352,-0.009771918419723084
0.4778386606201719,2.3425020914284036,0.33267452537781184,0.0056547627513351805,-0.03517143991451728,0.019796303717990474,0.017545455820360933,-0.029406158792421942,0.01558408436022691
3.829208569811409,5.583957559293669,1.4737489089078513,0.033188491933172526,-0.04423555436664797,0.05997137432305083,0.002417251495191331,0.02808567202198156,-0.031066378757903645
11.982328131058724,9.634847032218845,6.957068356233074,-0.02508805139557689,0.08760523994893449,0.06884566411920638,-0.011934803814046512,0.043548419774458724,-0.0848863997484087
-0.3524608009476966,2.132587909969339,-0.281684107495799,0.0024109905683523114,-0.04404173317923707,0.021388520165060397,0.0008099662865127481,-0.07304319294598931,-0.013775898632939463
-7.92791348835914,-4.03683160013582,-3.529708875472773,-0.04894856891350034,-0.04837551202423096,-0.04634905842390895,0.06694331166596706,0.005363801927792573,-0.03697161696230001
10.18516269478444,5.231481930459822,7.204548349369429,0.058478686914461335,0.05052546428445091,0.011353635564907236,0.04072478854953099,0.007523442451034942,-0.020567186392504273
8.307315367757043,4.589327683141588,6.001259061383344,0.03334327699369624,0.04708559337936444,0.009358796327505192,0.01618643926026085,0.05296094475135481,-0.008719189212304034
6.656613063043537,4.738693602586153,4.423419528074839,0.03749130071139708,0.013065029017755827,0.024554189837917868,0.010898392840013319,0.07605024900891702,0.027220089719194714
-8.681852361190753,-7.018624097534346,-2.7508424944293637,-0.028113527254809575,-0.036742989754611384,-0.09357818476622876,0.005679037650072511,-0.005197518230542621,-0.02551299995512716
6.96406492787595,6.349389414783404,4.082709266168269,-0.004465500628183339,0.029709849505010755,0.046507517927873734,-0.007185546783503114,0.022738474047850794,-0.03466615056778878
0.7227195598046836,3.202584819420305,-0.051954134618735104,0.03310382143247731,-0.06492416296102682,0.03788095534899765,0.0007683162649220708,-0.03260896040415879,0.009198788931719751
1.2968892421460727,-2.658933321931234,3.679736655640228,0.008501805364451318,0.04623961226437379,-0.07883164936843996,0.07733243237592166,0.031743680095012675,0.021829036432783798
4.691041952403628,0.16520464190541206,5.069700381329548,0.03763840585297714,0.04242881031494475,-0.04651270836006865,0.011262127969742554,-0.04738792994489925,0.004389439095344356
-5.481074372324832,-3.132985389863597,-2.2137761681785113,0.0230968764922493,-0.07638505456805252,-0.037029136456233847,0.038372354697852724,0.012642852876152686,-0.0068182609967699995
-0.2935975183155495,2.0527102584191876,0.11290039238763261,-0.05198504504335569,0.0017768964513893253,0.01190562263708635,-0.037058318553181216,0.04934808218538492,-0.025142007691949
-8.094378150810817,-1.2897525052725072,-4.786599283635892,-0.11000430008577024,-0.04039749386125087,-0.0024915239075021713,-0.029329606373309905,0.0057697243974447684,-0.005786532078725353
5.8819930462413055,1.6487733807226532,5.475134828930533,0.015799753440968643,0.05999693833173775,-0.03046115032840168,0.02355116344178102,-0.0179165914114642,0.0031244650980578135
11.328280422763603,8.051876134987475,6.551108209908905,0.09341987416592995,0.0030850036912954196,0.06055147990748476,-0.016965060533262404,0.0024308966339667976,0.030385125736013135
7.482005346852112,8.748168778959215,3.1554256380228844,0.018940077485632874,-0.01344388321524316,0.09072947941509252,-0.02922634701855701,0.07704644713214828,0.0006246497915489537
3.8634373792780536,4.579578557207606,2.3969886490260794,-0.03290656336368197,0.023399059634394342,0.03181755600125695,-0.028638821682946337,0.0033034613017945257,-0.029853474665001493
-0.6891435653979803,1.949294389868427,-0.07465467786516533,-0.07226931038837146,0.01264887918549722,0.009991662277756094,0.0002100986607547206,0.05962802374830604,-0.021363944015007644
-1.0693750025705155,5.6608649123896,-2.445403178877007,-0.057978200748519726,-0.0569961635540234,0.08383549497291315,0.010912005082264087,0.03757885210952484,0.02381693422790606
5.643346561842744,5.203544078253273,3.6944122751300563,-0.03899579636548518,0.05047215514695284,0.02982872153956016,0.06034342092359045,-0.030288896648158994,0.00532733977046938
-1.807581663987899,-0.02436298250957325,-0.4735296041111041,0.006885098424356998,-0.04288529326159962,-0.007728108833810445,0.04613772936027738,0.022922012211272373,-0.03421929457853083
-1.2679801271251467,-0.7705160573471528,0.35195352095402943,0.015869465206754658,-0.030379017928620956,-0.02424344091904359,0.036830950354878385,0.017464426325897876,0.04116477526698807
4.92550025625503,5.667852531923341,2.287257432612514,0.05548083381529674,-0.044302255075073405,0.05677679862315468,-0.01713262206506285,0.01934827907439558,0.0011690805593306689
-9.379179107698787,-7.072586892801235,-3.481188426608579,-0.0036255145236284182,-0.06774827223416752,-0.08617396003926056,-0.039612692976825216,-0.03184765807784855,-0.009512939120235656
-7.565273560999291,-2.4378501778179293,-3.945468372056115,-0.06722467791529411,-0.049630474841126176,-0.02171275416323866,0.011682318605401427,-0.04283666536126086,-0.05167452272034035
-1.2415081817719604,-1.8482482511407905,1.0567498986501804,-0.0048702350459575525,0.0017131967809098027,-0.04739338577219374,-0.045649064590866796,-0.0363040154719473,0.04048198696686941
7.407169722375619,6.199703221022288,4.388684097634236,0.026196441199804448,0.014844516696182553,0.04481125369342558,-0.01899599885052311,0.024184372696446754,0.013913288376117324
5.270345989084241,6.154845256856456,2.6363011462655446,0.0016686812312174948,-0.0018725703540875497,0.05588255811254011,-0.07077934039834924,0.013177464905113498,-0.011260021045146687
-4.201927921319412,-1.4645450202930992,-1.8106386695796008,-0.0016510058121726916,-0.05752056596396202,-0.01857176418657159,0.09048826588064324,-0.034430313462101125,-0.011405161565171728
2.2283687554250817,-0.5393848682126243,3.3209765242012805,0.022512288255675368,0.02168011277083241,-0.04408353642692077,0.03492914456721183,-0.062090713478143614,0.016456828968545216
-0.9673551098070694,-0.14899149963231784,0.3122716816420654,0.012553279318683337,-0.031141273912918082,-0.01528481781738892,0.10605750749567541,-0.003916237706089485,0.010480331181018473
4.512305382859302,3.201822501747539,3.53449760945957,-0.002547612224602886,0.0294091049967866,0.005730985176444695,0.006916301303907649,-0.010969614934998892,0.008721917133786719
-4.8192606728329395,-5.4345400572993405,-0.108038088606917,-0.03193649480672314,0.011269577818460656,-0.09230271438918862,-0.05032204786956992,0.0074993465786765325,0.023420111911815977
-14.639414315029002,-7.7495643583573806,-7.496807951843413,-0.06405898608576817,-0.10098524105405673,-0.06947904056784487,0.04874284049363106,-0.03394696109234752,-0.01315032858040667
-2.0764993508177216,2.83721425469252,-1.9294864887763021,-0.0456071207023455,-0.04515208364358521,0.040188791100010904,0.07771923751704096,-0.06322997545010847,-0.026308902329516964
-4.488343187027014,-3.1169213368487307,-1.218344021221612,0.002065528072730755,-0.042508781219429116,-0.04677610711099932,0.037389242606030756,0.007694153711414673,-0.019251038573114644
3.1362116490550234,2.967773092475383,2.4844135379287247,-0.01300067071308578,0.01720348656025128,0.009783480858677557,0.028321054525935564,0.02143012567163294,-0.018598491466736457
7.1277116459577385,1.6911162838540985,6.348246554659636,0.055484535510086974,0.04912905202324554,-0.03307965425510362,0.061807839395474934,-0.02936734905686782,0.01441600043219866
3.7868124745170437,-1.4708579425596653,4.966290209815549,0.06575569988906563,0.026907104327689484,-0.06658620226680184,0.03258131713798002,0.028807486771491614,0.003302388822034556
-1.9806404530184742,-2.1366428779714646,0.5195704694998522,0.00016233602671634302,-0.01113339048807449,-0.046764309148006375,0.04091548730119103,-0.02540770179808078,0.025751547346985253
-1.0362070701778439,0.19887409688868662,0.4570908944422507,-0.058058376478732354,0.019543200867535245,-0.018142832436511325,0.057459928972899345,0.006434406969124784,0.014360630356648692
3.5537636195408737,2.5419156261724876,2.669725031583475,0.061740228836184574,-0.029669213538022498,0.009263511422784889,0.015775797521613507,0.017107205081666875,-0.02632805245885666
3.9640772249046243,1.7064582115553626,3.737649386161057,0.014299966498874741,0.027154518607339317,-0.015843621233440866,0.04635669426111109,0.04077765963549042,-0.012885069737873456
-6.284278996800092,0.28316108172061605,-4.2384218998496985,-0.06581798285148098,-0.06636662639527137,0.0199767415973693,0.0751832188864004,-0.035927652146972563,-0.004990113329480638
-4.444201700850305,1.551359350044925,-3.5007686599363144,-0.02207006454691003,-0.08722967726822405,0.036493711722916586,0.06606032382153769,0.040487948563911,-0.03700925877942597
5.008777692140127,1.2293142659916176,4.762264123335195,0.04344642496191076,0.028484847986162683,-0.028163357518235826,0.015922192634365707,0.056602487640350446,-0.017281025838657007
-10.429971868802498,-3.9383798781084947,-5.663646901240148,-0.07719102456059668,-0.07043159131052258,-0.030506956669246278,0.02018252839287783,-0.039222610444890664,-0.00012406890465359657
0.7004162055667544,0.6154565801608989,1.5434154600838237,-0.013104298385473842,0.007752220997412842,-0.01657745349126269,0.05330054952263551,-0.006097557525421838,0.05535495075168976
-2.5190705821762016,-1.4957075392946935,0.011290975886133037,-0.056125660897902135,0.01583477054585239,-0.03880274929137142,0.0017989110322363918,-0.0034224257190451184,-0.02628173224422322
23.005748239177844,12.88982082815968,14.078907906065675,0.16098373500507432,0.08401131510381415,0.07633387578362463,0.05869748927299281,-0.015036935489573073,-0.021553988950748962
4.163621726165597,8.067769650274691,0.4522640429262039,0.03579784570150139,-0.07504965276124378,0.10419771675911796,-0.009617404872893694,-0.02559804090523774,-0.026012181066024976
10.613283329075376,11.065124498363586,4.941217459968578,-0.017980689356351928,0.038290565507582947,0.10629042672337449,-0.05827534925843752,0.04969172262262499,0.012105849336562415
-3.933822738965871,1.2151725426969837,-2.4432007871126604,-0.09901854441572788,-0.011909689550302107,0.015859790371154623,-0.0036398164920445723,0.022279162486341694,-0.06174771471496808
17.084882938297767,7.928117641469641,12.040967129202214,0.043370213260790894,0.14478790814620357,0.010002143306165348,-0.07231694245259021,0.011262699411381832,0.04083278892778531
-1.6762064154450356,0.7886763850064458,-0.7138786637695504,-0.0057581926148278055,-0.041751556160195706,0.00471249763103063,0.03636206776799904,-0.0415594230172404,-0.042630701301900824
-2.784448750670883,-2.631098375404364,0.021729449263705236,0.007222314120914959,-0.023865966804976234,-0.04922710412702458,0.033054970437711696,0.03498188418508382,-0.02220449671267582
3.5073153688686256,1.6166756184566582,3.3357413062596857,0.021660985007739032,0.014572556055628343,-0.013215902635926778,-0.08817463115590227,0.012689723828639886,0.004446428276173211
8.938396408732102,6.881778387661326,5.253420414788643,0.052698456544014775,0.010623688214654918,0.050225239648501147,0.044240958140346454,0.0011121509789510692,-0.02134740187810184
-6.123011353422247,-1.4293810296307872,-3.4561220503278713,-0.018202416882789153,-0.07801619580746351,-0.006446486572527613,0.024676596059920376,-0.03250173059652808,-0.001279215239316095
-2.335005166056808,-2.888031191459211,0.6666700132138035,-0.01233447801313952,0.0032021747294109643,-0.05995782601958986,0.029126234488509727,0.0403437409952716,-0.02122958891124015
3.070831127655901,4.962433590454837,1.4110321154477645,-0.01917801125474848,-0.00668636071416061,0.046542721064611714,-0.023046300354823756,-0.025895188837633094,0.00026058717690248447
-0.08920962101680074,3.441752124677906,-0.2051515205290253,-0.0936291584388607,0.019464169259482543,0.03051318398223288,-0.042147847120360724,-0.001991489935502168,-0.008124280321483608
7.0825583985479685,3.8686655266553194,5.3451533862087866,0.022397449466885617,0.04466102288550336,0.0031944225414297367,-0.04274929851743085,-0.026373136959399288,0.022675310577709232
12.460496724189573,5.653242598106926,8.953645551647693,0.07012315712575842,0.07475329558378543,0.004515337920616508,-0.030151016448345475,0.043845989827843976,0.00864590184105459
7.915461340507386,4.437733361833737,6.050333352663368,-0.02466275887404553,0.08898739201000404,0.0012693483482456025,-0.04160822886624772,-0.014839059443800103,0.049255269320647097
9.462618801395429,5.949498473241211,6.398915203184717,0.01890198687199215,0.05980933429624995,0.024397550079392233,-0.03195490102897593,-0.047838946845078834,0.008086975806991822
0.31958444656104423,-0.010855685527018766,1.4190861398560246,0.007403360973206124,-0.006616678458902739,-0.02265671616806795,0.005943152706902776,-0.02948755607634894,0.0018016817570729944
-4.182113390745561,-0.7404716657706676,-2.241596388977685,0.010663516349861898,-0.07712928693322246,-0.003513554531401078,-0.028171327979751675,0.0009323321733794368,-0.054963766169944084
-1.351956066516865,4.862401172005287,-2.5649203878873728,-0.005986477159724071,-0.09255624991663165,0.07822870402714752,0.027117295644929044,-0.062244722949140074,0.0102028998885034
3.022592059280095,-1.6754025186488704,4.779919333078663,-0.004902270592878573,0.07325148831766905,-0.0747533079890354,-0.039528416313791385,0.029465391621836347,0.05879993296748844
3.165416265941498,-0.5794626284237341,4.318980774588409,-0.002663633844330132,0.058700031368344036,-0.05505389457103106,-0.044016375786479434,0.02965497407129714,0.05929234657868429
-2.1886459913307412,-2.5190837247956823,0.334520432071012,0.03645781034195657,-0.038575366341611496,-0.04734267788254061,-0.05126933645067222,-0.006519244022988327,-0.011416538098549226
4.136520108579327,1.23842275769886,4.255655605036787,-0.007034945195530773,0.05378268749715606,-0.0287675066611065,0.04220653672031369,0.021951936894930073,-0.0018471215570905405
14.185122285457103,8.35534860581064,9.128886894742479,0.060383099451264716,0.07492234645234956,0.04111990356355462,0.04412213947497678,-0.010544840190243548,0.029012449151699045
0.9149189945981084,5.067970434898178,-0.6464267407167659,-0.005816864359224093,-0.056254784736501716,0.06582695337505282,-0.04969734158346837,0.013527720366068276,0.012531993103228578
0.7683308937168205,2.331810232061425,0.2763841520215109,0.06400544151575037,-0.07685192198445058,0.02563795081174927,0.0013643272743639277,-0.03787006233443399,0.038428031138073374
-7.396486209831931,-3.9472509614580726,-2.9601428463793784,-0.0745854381872184,-0.01981819123004329,-0.05206030596708794,0.03761629210034791,-0.03021539018957343,0.0034860166740678733
4.052728633178022,4.788216141754117,2.187129571282575,0.01596071979307937,-0.015466851518799578,0.04114954627484529,-0.000853751114146345,0.03278432966200499,0.021148603764047265
-5.113350060680013,-2.308454686775203,-2.074641095991808,-0.021127522190792464,-0.045949657482364036,-0.030465967607466036,0.09666543692501312,0.05805711521625956,-0.058605973358439825
-4.6836057260852035,-3.4554198378396306,-1.0991934412573021,-0.018933606196195774,-0.024324193819639097,-0.054604081453375045,-0.02748226502602983,-0.04339137736569899,0.024755232054131292
0.39172872167042483,3.2242224306105474,0.09583759145852633,-0.049455202704370094,-0.004654801946723826,0.029163228195659387,0.0001302627902970352,0.05754888556655244,0.0009851976299127315
-1.5748684357656348,-1.3399642894545207,0.8808737146751089,-0.07552678198881838,0.04561952724236281,-0.04537327193154571,0.011817192150233915,0.03623244468685471,0.025559956262834152
-3.807041530340854,-4.136434677842616,0.05373390636534947,-0.020887932645835675,0.0019033069693168824,-0.07384523123826583,0.06920506616984473,-0.023556633862933312,0.023057106652091746
0.1567201878826212,1.6947340379518387,0.2181272581695406,0.03612103399139582,-0.05620539399822057,0.014275724148544899,0.037889466711675535,-0.0071364182404209334,-0.003996681337818029
7.755107160555587,5.390736552847164,5.399734447282794,-0.023573880613568843,0.07209028905639876,0.020320368261124544,-0.06971384975762684,0.011562247714742867,0.020403597743792433
3.2467257533098923,3.9810437433082084,2.1802314648669414,-0.03654829774725443,0.023951035437194748,0.024584844705085422,-0.02642687474328278,0.03444735181196713,-0.029344048069631742
6.657259293624868,8.24084759688072,2.6608603184130333,0.023236644720920747,-0.02414117518645934,0.08779246369331778,-0.013507796636889549,-0.025711730717312094,0.039054790411823685
-2.1690791820166737,-1.0577117988061253,0.29548822231147054,-0.09266923728139033,0.045165217447451056,-0.03824228980138488,-0.07389527819809877,0.04367500653110719,-0.003085836875067651
1.690949300434237,4.4961278712163235,0.17327257058786905,0.02594349801339768,-0.06036504407915517,0.05403380672060742,-0.008663945993401583,0.006487196806711108,-0.028440515452317912
6.101681054893493,8.80565102105667,2.307971816113281,-0.05675398122576108,0.022624492448662888,0.09115910335308375,0.01501123103197112,0.02447290032107545,-0.0238624968512724
-6.480875945918763,-4.391699730313273,-2.1526713927002454,-0.030115883456218413,-0.03348664124956153,-0.06071217646499644,0.003858141223135877,-0.02587281689623315,0.035289760235300456
-1.7529364745583071,0.06862381694189756,-0.47180715290055075,0.006568209501939339,-0.04297570494660451,-0.006432171773341891,0.014581700506631394,-0.05445065599151713,-0.005244705492772633
3.862183442839651,6.299372966174834,1.5075896481267133,-0.035833542467757426,0.0018298047223230356,0.06345014413663932,-0.009887535600431825,0.015747387806299074,-0.09107774435416661
2.071754715667323,0.3734263486985716,3.2383639158813624,-0.07497031277627847,0.08457426554144498,-0.03953120812527059,-0.055545025152350845,-0.009054706439283574,-0.03301449812593054
9.776033827285522,6.382297316794985,6.3614948110757314,0.035250314058400775,0.04609772191679748,0.032487186401921934,-0.03857145467630794,-0.03338003614839282,-0.0023582695818991257
